﻿AAAAABBBBBCCCCCDDDDD0000,アイテム00
AAAAABBBBBCCCCCDDDDD0001,アイテム01
AAAAABBBBBCCCCCDDDDD0002,アイテム02
AAAAABBBBBCCCCCDDDDD0003,アイテム03
AAAAABBBBBCCCCCDDDDD0004,アイテム04
AAAAABBBBBCCCCCDDDDD0005,アイテム05
AAAAABBBBBCCCCCDDDDD0006,アイテム06
AAAAABBBBBCCCCCDDDDD0007,アイテム07
AAAAABBBBBCCCCCDDDDD0008,アイテム08
AAAAABBBBBCCCCCDDDDD0009,アイテム09
AAAAABBBBBCCCCCDDDDD0010,アイテム10
AAAAABBBBBCCCCCDDDDD0011,アイテム11
AAAAABBBBBCCCCCDDDDD0012,アイテム12
AAAAABBBBBCCCCCDDDDD0013,アイテム13
AAAAABBBBBCCCCCDDDDD0014,アイテム14
AAAAABBBBBCCCCCDDDDD0015,アイテム15
AAAAABBBBBCCCCCDDDDD0016,アイテム16
AAAAABBBBBCCCCCDDDDD0017,アイテム17
AAAAABBBBBCCCCCDDDDD0018,アイテム18
AAAAABBBBBCCCCCDDDDD0019,アイテム19
